type,amount,oldbalanceOrg,newbalanceOrig,oldbalanceDest,newbalanceDest,isFraud
PAYMENT,9839.64,170136,160296.36,0,0,0
PAYMENT,1864.28,21249,19384.72,0,0,0
PAYMENT,11668.14,41554,29885.86,0,0,0
PAYMENT,7817.71,53860,46042.29,0,0,0
PAYMENT,7107.77,183195,176087.23,0,0,0
PAYMENT,7861.64,176087.23,168225.59,0,0,0
PAYMENT,4024.36,2671,0,0,0,0
DEBIT,5337.77,41720,36382.23,41898,40348.79,0
DEBIT,9644.94,4465,0,10845,157982.12,0
PAYMENT,3099.97,20771,17671.03,0,0,0
PAYMENT,2560.74,5070,2509.26,0,0,0
PAYMENT,11633.76,10127,0,0,0,0
PAYMENT,4098.78,503264,499165.22,0,0,0
CASH_OUT,229133.94,15325,0,5083,51513.44,0
PAYMENT,1563.82,450,0,0,0,0
PAYMENT,1157.86,21156,19998.14,0,0,0
PAYMENT,671.64,15123,14451.36,0,0,0
TRANSFER,215310.3,705,0,22425,0,0
PAYMENT,1373.43,13854,12480.57,0,0,0
DEBIT,9302.79,11299,1996.21,29832,16896.7,0
DEBIT,1065.41,1817,751.59,10330,0,0
PAYMENT,3876.41,67852,63975.59,0,0,0
TRANSFER,311685.89,10835,0,6267,2719172.89,0
PAYMENT,6061.13,443,0,0,0,0
PAYMENT,9478.39,116494,107015.61,0,0,0
PAYMENT,8009.09,10968,2958.91,0,0,0
PAYMENT,8901.99,2958.91,0,0,0,0
PAYMENT,9920.52,0,0,0,0,0
PAYMENT,3448.92,0,0,0,0,0
PAYMENT,4206.84,0,0,0,0,0
PAYMENT,5885.56,0,0,0,0,0
PAYMENT,5307.88,0,0,0,0,0
PAYMENT,5031.22,0,0,0,0,0
PAYMENT,24213.67,0,0,0,0,0
PAYMENT,8603.42,253,0,0,0,0
PAYMENT,2791.42,300481,297689.58,0,0,0
PAYMENT,7413.54,297689.58,290276.03,0,0,0
PAYMENT,3295.19,233633,230337.81,0,0,0
PAYMENT,1684.81,297,0,0,0,0
DEBIT,5758.59,32604,26845.41,209699,16997.22,0
CASH_OUT,110414.71,26845.41,0,288800,2415.16,0
PAYMENT,7823.46,998,0,0,0,0
PAYMENT,5086.48,0,0,0,0,0
PAYMENT,5281.48,152019,146737.52,0,0,0
PAYMENT,13875.98,15818,1942.02,0,0,0
CASH_OUT,56953.9,1942.02,0,70253,64106.18,0
CASH_OUT,5346.89,0,0,652637,6453430.91,0
PAYMENT,2204.04,586,0,0,0,0
PAYMENT,2641.47,23053,20411.53,0,0,0
CASH_OUT,23261.3,20411.53,0,25742,0,0
PAYMENT,2330.64,203543,201212.36,0,0,0
PAYMENT,1614.64,41276,39661.36,0,0,0
PAYMENT,9164.71,47235.77,38071.06,0,0,0
PAYMENT,2970.97,38071.06,35100.09,0,0,0
PAYMENT,38.66,16174,16135.34,0,0,0
PAYMENT,2252.44,1627,0,0,0,0
TRANSFER,62610.8,79114,16503.2,517,8383.29,0
DEBIT,5529.13,8547,3017.87,10206,0,0
CASH_OUT,82940.31,3017.87,0,132372,49864.36,0
DEBIT,4510.22,10256,5745.78,10697,0,0
DEBIT,8727.74,882770,874042.26,12636,0,0
PAYMENT,2599.46,874042.26,871442.79,0,0,0
DEBIT,4874.49,153,0,253104,0,0
PAYMENT,6440.78,2192,0,0,0,0
PAYMENT,4910.14,41551,36640.86,0,0,0
PAYMENT,6444.64,12019,5574.36,0,0,0
DEBIT,5149.66,4782,0,52752,24044.18,0
PAYMENT,7292.16,216827,209534.84,0,0,0
CASH_OUT,47458.86,209534.84,162075.98,52120,0,0
CASH_OUT,136872.92,162075.98,25203.05,217806,0,0
CASH_OUT,94253.33,25203.05,0,99773,965870.05,0
PAYMENT,2998.04,12030,9031.96,0,0,0
PAYMENT,3454.08,9031.96,5577.88,0,0,0
PAYMENT,4316.2,10999,6682.8,0,0,0
PAYMENT,2131.84,224,0,0,0,0
PAYMENT,12986.61,23350,10363.39,0,0,0
TRANSFER,42712.39,10363.39,0,57901.66,24044.18,0
TRANSFER,77957.68,0,0,94900,22233.65,0
TRANSFER,17231.46,0,0,24672,0,0
TRANSFER,78766.03,0,0,103772,277515.05,0
TRANSFER,224606.64,0,0,354678.92,0,0
TRANSFER,125872.53,0,0,348512,3420103.09,0
TRANSFER,379856.23,0,0,900180,1.92E+07,0
TRANSFER,1505626.01,0,0,29031,5515763.34,0
TRANSFER,554026.99,0,0,579285.56,0,0
TRANSFER,147543.1,0,0,223220,16518.36,0
TRANSFER,761507.39,0,0,1280036.23,1.92E+07,0
TRANSFER,1429051.47,0,0,2041543.62,1.92E+07,0
TRANSFER,358831.92,0,0,474384.53,3420103.09,0
TRANSFER,367768.4,0,0,370763.1,16518.36,0
TRANSFER,209711.11,0,0,399214.71,2415.16,0
TRANSFER,583848.46,0,0,667778,2107778.11,0
TRANSFER,1724887.05,0,0,3470595.1,1.92E+07,0
TRANSFER,710544.77,0,0,738531.5,16518.36,0
TRANSFER,581294.26,0,0,5195482.15,1.92E+07,0
TRANSFER,11996.58,0,0,40255,0,0
PAYMENT,2875.1,15443,12567.9,0,0,0
PAYMENT,8586.98,3763,0,0,0,0
PAYMENT,871.75,19869,18997.25,0,0,0
PAYMENT,1035.36,71636,70600.64,0,0,0
PAYMENT,1063.53,83084,82020.47,0,0,0
PAYMENT,1019.9,204237,203217.1,0,0,0
PAYMENT,4059.38,26304,22244.62,0,0,0
PAYMENT,1876.44,182,0,0,0,0
CASH_OUT,28404.6,0,0,51744,0,0
CASH_OUT,75405.1,0,0,104209,46462.23,0
CASH_OUT,50101.88,0,0,67684,9940339.29,0
CASH_OUT,14121.82,0,0,52679,10963.66,0
CASH_OUT,78292.91,0,0,121112,95508.95,0
CASH_OUT,176149.9,0,0,259813,46820.71,0
CASH_OUT,212228.35,0,0,429747,1178808.14,0
CASH_OUT,85423.63,0,0,5776776.41,1.92E+07,0
CASH_OUT,11648.5,0,0,260976,971418.91,0
PAYMENT,6165.58,20925,14759.42,0,0,0
PAYMENT,3705.83,41903.46,38197.63,0,0,0
CASH_OUT,419801.4,38197.63,0,499962,1517262.16,0
CASH_OUT,335416.51,144478,0,295,52415.15,0
PAYMENT,3372.29,41398,38025.71,0,0,0
PAYMENT,661.43,14078,13416.57,0,0,0
DEBIT,864.68,69836,68971.32,12040,43691.09,0
PAYMENT,1203.44,29941,28737.56,0,0,0
TRANSFER,330757.04,103657,0,79676,1254956.07,0
PAYMENT,1915.43,11450,9534.57,0,0,0
PAYMENT,8.73,81313,81304.27,0,0,0
DEBIT,3058.8,18138,15079.2,11054,8917.54,0
PAYMENT,5154.97,9476,4321.03,0,0,0
PAYMENT,5213.25,36380,31166.75,0,0,0
PAYMENT,5392.75,50757,45364.25,0,0,0
PAYMENT,25.12,61663,61637.88,0,0,0
PAYMENT,17150.89,61637.88,44486.99,0,0,0
TRANSFER,679502.24,290,0,171866,3940085.21,0
TRANSFER,177652.91,23720,0,55,4894.45,0
PAYMENT,5443.26,236997,231553.74,0,0,0
PAYMENT,244.87,257978.49,257733.62,0,0,0
PAYMENT,8281.57,257733.62,249452.05,0,0,0
PAYMENT,1175.59,20509,19333.41,0,0,0
PAYMENT,1097.74,24866,23768.26,0,0,0
TRANSFER,184986.8,39588,0,52340,97263.78,0
PAYMENT,1718.29,117811,116092.71,0,0,0
PAYMENT,3671.32,100094,96422.68,0,0,0
DEBIT,3580.26,2565,0,21185,18910.85,0
PAYMENT,8550.9,40060,31509.1,0,0,0
PAYMENT,9753.55,60829,51075.45,0,0,0
PAYMENT,3026.98,31139,28112.02,0,0,0
CASH_OUT,467177.03,28112.02,0,975121,22190.99,0
DEBIT,3875.99,259138,255262.01,608925.82,2415.16,0
PAYMENT,2148.89,31213,29064.11,0,0,0
PAYMENT,466.97,80030,79563.03,0,0,0
CASH_OUT,154139.72,79563.03,0,410433.04,1254956.07,0
CASH_OUT,82685.93,0,0,833216.44,3420103.09,0
CASH_OUT,83857.23,0,0,215457.59,16997.22,0
CASH_OUT,99109.77,0,0,299314.82,16997.22,0
CASH_OUT,187726.67,0,0,190573,1567434.81,0
CASH_OUT,281339.92,0,0,612801.81,2415.16,0
CASH_OUT,186447.51,0,0,5862200.03,1.92E+07,0
CASH_OUT,81029.86,0,0,105343,8496.61,0
CASH_OUT,139054.95,0,0,182538.03,277515.05,0
CASH_OUT,154716.2,0,0,187433,3461666.05,0
CASH_OUT,53631.83,0,0,83244,0,0
CASH_OUT,289645.52,0,0,871442.79,1412484.09,0
CASH_OUT,267148.82,0,0,641975.35,1178808.14,0
CASH_OUT,47913.58,0,0,51304,0,0
CASH_OUT,193605.38,0,0,249452.05,0,0
CASH_OUT,344464.4,0,0,1133312.56,0,0
CASH_OUT,169409.87,0,0,909124.16,1178808.14,0
CASH_OUT,25793.74,0,0,215312.31,49864.36,0
CASH_OUT,114712.48,0,0,145400,0,0
CASH_OUT,89038.75,0,0,189808,1186556.81,0
CASH_OUT,1341.58,0,0,80341,557537.26,0
CASH_OUT,44443.08,0,0,6048647.54,1.92E+07,0
CASH_OUT,34729.64,0,0,44853,96.88,0
CASH_OUT,105979.34,0,0,435962.9,46820.71,0
CASH_OUT,57794.61,0,0,99217.58,0,0
CASH_OUT,15918.79,0,0,24553,0,0
CASH_OUT,19162.08,0,0,60169,215851.28,0
CASH_OUT,220691.42,0,0,6093090.62,1.92E+07,0
CASH_OUT,9536.54,0,0,49161,130747.56,0
CASH_OUT,29784.06,0,0,63553,0,0
CASH_OUT,190445.51,0,0,203679,2107965.39,0
CASH_OUT,57279.11,0,0,127206.9,64106.18,0
CASH_OUT,112086.81,0,0,292728,55974.56,0
CASH_OUT,80311.89,0,0,87408,63112.23,0
CASH_OUT,151829.91,0,0,1161088.31,1412484.09,0
CASH_OUT,26004.52,0,0,52251.58,0,0
CASH_OUT,3146.16,0,0,9471,593737.38,0
CASH_OUT,296752.75,0,0,404814.81,55974.56,0
CASH_OUT,191702.06,0,0,272624.5,971418.91,0
CASH_OUT,365510.05,0,0,564572.76,1254956.07,0
CASH_OUT,202332.08,0,0,342149.2,3461666.05,0
CASH_OUT,55105.9,0,0,317952.89,2719172.89,0
CASH_OUT,171508.59,0,0,443057.43,0,0
CASH_OUT,178439.26,0,0,278846.75,1186556.81,0
CASH_OUT,88834.86,0,0,464326.57,971418.91,0
CASH_OUT,210370.09,0,0,1442298.03,22190.99,0
CASH_OUT,36437.06,0,0,154606,1363368.51,0
CASH_OUT,82691.56,0,0,657983.89,6453430.91,0
CASH_OUT,338767.1,0,0,544481.28,3461666.05,0
CASH_OUT,187728.59,0,0,394124.51,2107965.39,0
CASH_OUT,271002.7,0,0,851368.24,3940085.21,0
CASH_OUT,323105.08,0,0,378299.67,1567434.81,0
CASH_OUT,10782.94,0,0,100585,0,0
CASH_OUT,89962.11,0,0,157012.19,0,0
CASH_OUT,101940.14,0,0,105362,92307.65,0
CASH_OUT,163100.34,0,0,1078534.03,1178808.14,0
CASH_OUT,136030.66,0,0,136875.83,0,0
CASH_OUT,68912.23,0,0,237326.8,97263.78,0
CASH_OUT,73464.06,0,0,444779,4619798.56,0
CASH_OUT,106117.28,0,0,234216.94,51513.44,0
CASH_OUT,503333.79,0,0,553161.42,971418.91,0
CASH_OUT,71991.42,0,0,81682.58,557537.26,0
CASH_OUT,91379.93,0,0,1241634.38,1178808.14,0
CASH_OUT,26759.05,0,0,581853.1,2107965.39,0
CASH_OUT,128487.35,0,0,701404.75,1567434.81,0
CASH_OUT,252908.87,0,0,919763.4,1517262.16,0
CASH_OUT,64489.64,0,0,398424.59,16997.22,0
CASH_OUT,171369.73,0,0,1122370.94,3940085.21,0
PAYMENT,4493.29,8258,3764.71,0,0,0
PAYMENT,12121.5,97058,84936.5,0,0,0
PAYMENT,2278.19,290,0,0,0,0
PAYMENT,7707.44,99827,92119.56,0,0,0
PAYMENT,4013.02,92119.56,88106.55,0,0,0
PAYMENT,5775.15,132329,126553.85,0,0,0
PAYMENT,4843.93,51718,46874.07,0,0,0
PAYMENT,2397.82,20421,18023.18,0,0,0
PAYMENT,4391.44,228,0,0,0,0
DEBIT,4497.87,107388,102890.13,19053,5417.23,0
PAYMENT,7452.89,102397,94944.11,0,0,0
PAYMENT,3930.81,6032,2101.19,0,0,0
CASH_OUT,71532.24,2101.19,0,74956,97128.19,0
CASH_OUT,61159.51,0,0,340334.22,51513.44,0
CASH_OUT,12401.9,0,0,349763,0,0
CASH_OUT,32702.61,0,0,253053,31469.78,0
PAYMENT,6926.67,152927,146000.33,0,0,0
PAYMENT,893.57,10676,9782.43,0,0,0
TRANSFER,480222.51,11110,0,1293740.67,3940085.21,0
PAYMENT,3608.41,11150,7541.59,0,0,0
PAYMENT,5946.79,7541.59,1594.8,0,0,0
PAYMENT,6099.96,42133,36033.04,0,0,0
PAYMENT,372.34,65254,64881.66,0,0,0
PAYMENT,4635.18,6313782.05,6309146.87,0,0,0
PAYMENT,1267.97,6309146.87,6307878.9,0,0,0
PAYMENT,6911.99,6307878.9,6300966.92,0,0,0
PAYMENT,1795.67,6300966.92,6299171.25,0,0,0
PAYMENT,3199.06,6299171.25,6295972.18,0,0,0
PAYMENT,10265.17,6295972.18,6285707.02,0,0,0
PAYMENT,9029.12,25480,16450.88,0,0,0
PAYMENT,7600.57,50747,43146.43,0,0,0
PAYMENT,2057.71,25132,23074.29,0,0,0
PAYMENT,3823.08,10382,6558.92,0,0,0
PAYMENT,6737.2,624,0,0,0,0
PAYMENT,9161.98,11128,1966.02,0,0,0
PAYMENT,1239.06,396386,395146.94,0,0,0
PAYMENT,365,319,0,0,0,0
PAYMENT,5237.54,27105,21867.46,0,0,0
PAYMENT,2618.76,21867.46,19248.7,0,0,0
PAYMENT,339.82,12076,11736.18,0,0,0
DEBIT,1393.46,100068,98674.54,26446,318637.36,0
PAYMENT,2731.37,17540,14808.63,0,0,0
PAYMENT,8364.73,81,0,0,0,0
PAYMENT,6598.71,16392,9793.29,0,0,0
PAYMENT,4304.58,10708,6403.42,0,0,0
PAYMENT,2867.14,943,0,0,0,0
PAYMENT,2946.38,0,0,0,0,0
PAYMENT,507.12,87005,86497.88,0,0,0
PAYMENT,3020.86,50361,47340.14,0,0,0
PAYMENT,8948.03,11137,2188.97,0,0,0
CASH_OUT,280877.92,2188.97,0,462914.23,16997.22,0
PAYMENT,1084.9,13727,12642.1,0,0,0
PAYMENT,9456.69,12642.1,3185.41,0,0,0
PAYMENT,5812.36,3185.41,0,0,0,0
TRANSFER,157883.07,46547,0,72793,353532.56,0
PAYMENT,2734.77,4511,1776.23,0,0,0
CASH_OUT,102153.86,1776.23,0,230676.07,353532.56,0
PAYMENT,584.52,15479,14894.48,0,0,0
PAYMENT,6113.14,15629,9515.86,0,0,0
CASH_OUT,369989.2,9515.86,0,518243.06,4619798.56,0
CASH_OUT,215338.28,0,0,285755.61,31469.78,0
CASH_OUT,65521.42,0,0,93337.06,0,0
CASH_OUT,116977.58,0,0,191043.06,1363368.51,0
CASH_OUT,262392.36,0,0,457286.01,1186556.81,0
CASH_OUT,51121.05,0,0,308020.64,1363368.51,0
CASH_OUT,202624.59,0,0,1056495.21,971418.91,0
CASH_OUT,118235.16,0,0,332829.93,353532.56,0
CASH_OUT,118056.71,0,0,272906.49,0,0
CASH_OUT,498960.91,0,0,608612.15,2107965.39,0
CASH_OUT,691738.36,0,0,6285707.02,1.92E+07,0
CASH_OUT,58820.08,0,0,1107573.06,2107965.39,0
PAYMENT,4419.04,52951,48531.96,0,0,0
PAYMENT,4270.02,9516,5245.98,0,0,0
PAYMENT,3007.83,49905,46897.17,0,0,0
PAYMENT,1824.59,25138,23313.41,0,0,0
PAYMENT,993.46,19448,18454.54,0,0,0
CASH_OUT,302693.14,18454.54,0,306239.03,97263.78,0
PAYMENT,1445.06,10892,9446.94,0,0,0
PAYMENT,4059.25,4186,126.75,0,0,0
PAYMENT,3417.18,126.75,0,0,0,0
DEBIT,3428.95,147798,144369.05,1534657.01,5515763.34,0
PAYMENT,5580.98,7781,2200.02,0,0,0
DEBIT,3455.85,3509,53.15,1333014.31,1178808.14,0
PAYMENT,7265.63,14508,7242.37,0,0,0
PAYMENT,3852.64,1449076.27,1445223.63,0,0,0
PAYMENT,7870.29,1445223.63,1437353.34,0,0,0
DEBIT,12872.92,11197,0,51885,0,0
PAYMENT,6675.34,10107,3431.66,0,0,0
CASH_OUT,410201.89,21448,0,61613,424250.45,0
PAYMENT,13310.78,0,0,0,0,0
PAYMENT,664.35,102983,102318.65,0,0,0
PAYMENT,2130.3,10958,8827.7,0,0,0
PAYMENT,7771.4,8827.7,1056.3,0,0,0
PAYMENT,36349.35,1056.3,0,0,0,0
PAYMENT,749.34,0,0,0,0,0
PAYMENT,2340.34,0,0,0,0,0
PAYMENT,9686.85,0,0,0,0,0
PAYMENT,15785.85,0,0,0,0,0
PAYMENT,9006.78,0,0,0,0,0
PAYMENT,9014.95,0,0,0,0,0
PAYMENT,14420.66,0,0,0,0,0
PAYMENT,4802.31,0,0,0,0,0
PAYMENT,28527.44,0,0,0,0,0
PAYMENT,4182.93,0,0,0,0,0
PAYMENT,4088.21,0,0,0,0,0
PAYMENT,8491.9,0,0,0,0,0
DEBIT,6666.78,11876,5209.22,24777,189534.74,0
PAYMENT,6536.86,17319,10782.14,0,0,0
CASH_OUT,40684.97,10782.14,0,49530,66575.5,0
PAYMENT,1553.21,31516,29962.79,0,0,0
DEBIT,7344.92,0,0,185432,0,0
CASH_OUT,106267.21,0,0,241106.05,49864.36,0
PAYMENT,5491.5,36605,31113.5,0,0,0
PAYMENT,3666.42,48117,44450.58,0,0,0
PAYMENT,5507.18,36030,30522.82,0,0,0
DEBIT,4565.14,30265,25699.86,829892.09,1567434.81,0
PAYMENT,11348.71,734899,723550.29,0,0,0
TRANSFER,123179.97,7215,0,12904.68,43691.09,0
PAYMENT,7073.6,0,0,0,0,0
PAYMENT,2803.83,0,0,0,0,0
PAYMENT,106.81,0,0,0,0,0
PAYMENT,6297.71,762,0,0,0,0
PAYMENT,2610.01,58697.54,56087.54,0,0,0
PAYMENT,5320.1,56087.54,50767.43,0,0,0
PAYMENT,1460.63,1132,0,0,0,0
TRANSFER,522264.81,24,0,11361,2025098.66,0
DEBIT,3584.21,135496,131911.79,100614.05,24044.18,0
PAYMENT,3704.97,24553,20848.03,0,0,0
PAYMENT,2773.61,14332,11558.39,0,0,0
PAYMENT,3896.42,11558.39,7661.97,0,0,0
PAYMENT,18781.84,7661.97,0,0,0,0
PAYMENT,6660.33,17710,11049.67,0,0,0
TRANSFER,26923.42,11049.67,0,199404.91,95508.95,0
TRANSFER,53783.57,0,0,75514,420946.86,0
TRANSFER,80333.28,0,0,321592.98,277515.05,0
TRANSFER,211075.91,0,0,930082.81,1254956.07,0
TRANSFER,100677.86,0,0,701567.56,55974.56,0
TRANSFER,473499.51,0,0,883248.39,3461666.05,0
TRANSFER,1538200.39,0,0,6977445.38,1.92E+07,0
TRANSFER,2421578.09,0,0,8515645.77,1.92E+07,0
TRANSFER,1349670.68,0,0,1538085.96,5515763.34,0
TRANSFER,314403.14,0,0,888232.25,4619798.56,0
TRANSFER,1457213.54,0,0,1.09E+07,1.92E+07,0
TRANSFER,180368.84,0,0,1437353.34,16518.36,0
TRANSFER,445038.71,0,0,802245.42,55974.56,0
TRANSFER,1123206.66,0,0,1773963.18,3940085.21,0
DEBIT,996,46132,45136,88106.55,1015132.48,0
TRANSFER,176334.26,45136,0,1251626.46,2107778.11,0
TRANSFER,161217.61,0,0,199733,5602234.95,0
TRANSFER,108443.61,0,0,246974.3,0,0
TRANSFER,75442.68,0,0,80469,500631.71,0
TRANSFER,55536.86,0,0,915902.37,3420103.09,0
TRANSFER,438437.09,0,0,740675.45,6453430.91,0
TRANSFER,928722.69,0,0,1259119.8,971418.91,0
TRANSFER,1478772.04,0,0,1652668.12,22190.99,0
TRANSFER,2545478.01,0,0,1.24E+07,1.92E+07,0
TRANSFER,2061082.82,0,0,1.49E+07,1.92E+07,0
TRANSFER,983479.66,0,0,3131440.16,22190.99,0
TRANSFER,635507.97,0,0,834457.23,1567434.81,0
TRANSFER,848231.57,0,0,4114919.82,22190.99,0
TRANSFER,739112.93,0,0,1141158.73,1254956.07,0
TRANSFER,324397.94,0,0,373058.79,2719172.89,0
TRANSFER,982862.81,0,0,2187842.49,971418.91,0
TRANSFER,955855,0,0,1179112.54,6453430.91,0
TRANSFER,179253.24,0,0,179614.1,46462.23,0
PAYMENT,5446.88,666,0,0,0,0
PAYMENT,648.64,873,224.36,0,0,0
PAYMENT,8494.71,11129,2634.29,0,0,0
CASH_OUT,373068.26,20034,0,1427960.73,2107778.11,0
CASH_IN,143236.26,0,143236.26,608932.17,97263.78,0
CASH_IN,228451.89,143236.26,371688.15,719678.38,1186556.81,0
CASH_IN,35902.49,371688.15,407590.65,49003.3,0,0
CASH_IN,232953.64,407590.65,640544.28,1172672.27,1517262.16,0
CASH_IN,65912.95,640544.28,706457.23,104198.26,24044.18,0
CASH_IN,193492.68,706457.23,899949.91,1247284.13,55974.56,0
CASH_IN,60836.64,899949.91,960786.56,143436,5203.54,0
CASH_IN,62325.15,960786.56,1023111.71,1880271.66,1254956.07,0
CASH_IN,349640.51,1023111.71,1372752.22,360950.61,5602234.95,0
CASH_IN,135324.19,1372752.22,1508076.41,1356747.89,3461666.05,0
CASH_IN,380015.14,1508076.41,1888091.55,1336470.16,1178808.14,0
CASH_IN,418688.27,1888091.55,2306779.82,956455.03,1178808.14,0
CASH_IN,311023.52,2306779.82,2617803.34,1477776.96,0,0
CASH_IN,151862.38,2617803.34,2769665.72,158858.48,0,0
CASH_IN,228710.05,2769665.72,2998375.78,743792.14,16997.22,0
CASH_IN,220431.09,2998375.78,3218806.87,2897169.84,3940085.21,0
CASH_IN,182861.45,3218806.87,3401668.32,192776.92,0,0
CASH_IN,231881.5,3401668.32,3633549.82,894141.72,2415.16,0
CASH_IN,38071.17,3633549.82,3671620.98,122487,54985.05,0
CASH_IN,87117.29,3671620.98,3758738.27,501093.89,31469.78,0
CASH_IN,114271.72,3758738.27,3873009.99,3170705.3,971418.91,0
CASH_IN,73199.1,3873009.99,3946209.08,401926.25,277515.05,0
CASH_IN,764772.98,3946209.08,4710982.07,3056433.58,971418.91,0
CASH_IN,106847.36,4710982.07,4817829.42,335711.51,52415.15,0
CASH_IN,6287.28,4817829.42,4824116.71,11274,0,0
CASH_IN,24936.34,4824116.71,4849053.05,104408,42450.71,0
CASH_IN,55837.16,4849053.05,4904890.21,66800.82,10963.66,0
CASH_IN,63255.29,4904890.21,4968145.5,237735.3,0,0
CASH_IN,104605.78,4968145.5,5072751.28,207302.14,92307.65,0
CASH_IN,154160.82,5072751.28,5226912.1,157376,0,0
CASH_IN,257348.03,5226912.1,5484260.13,2291660.6,971418.91,0
CASH_IN,201073.81,5484260.13,5685333.94,537766.76,1178808.14,0
CASH_IN,53560.68,5685333.94,5738894.62,172857.68,22233.65,0
CASH_IN,334234.39,5738894.62,6073129.01,358867.35,46462.23,0
CASH_IN,227335.16,6073129.01,6300464.17,1817946.5,1254956.07,0
CASH_IN,134426.08,6300464.17,6434890.26,228864.16,52415.15,0
CASH_IN,2643.45,6434890.26,6437533.71,49974,1891.79,0
CASH_IN,134977.11,6437533.71,6572510.82,471814.89,424250.45,0
CASH_IN,25090.03,6572510.82,6597600.85,80148.6,0,0
CASH_IN,147388.67,6597600.85,6744989.53,184486.01,64106.18,0
CASH_IN,217615.09,6744989.53,6962604.61,971439.24,3420103.09,0
CASH_IN,355294.5,6962604.61,7317899.11,1469965.2,1567434.81,0
CASH_IN,12336.48,7317899.11,7330235.59,21024,83845.22,0
CASH_IN,349505.89,7330235.59,7679741.48,1.70E+07,1.92E+07,0
CASH_IN,285185.34,7679741.48,7964926.82,451065.09,353532.56,0
CASH_IN,132953.45,7964926.82,8097880.27,1617722.17,16518.36,0
CASH_IN,214851.41,8097880.27,8312731.68,939718.63,1517262.16,0
CASH_IN,54988.56,8312731.68,8367720.25,60870,1.06E+07,0
CASH_IN,62871.06,8367720.25,8430591.3,177707.91,4894.45,0
CASH_IN,61150.85,8430591.3,8491742.16,1166393.13,2107965.39,0
CASH_IN,131409.27,8491742.16,8623151.43,290276.03,265092.36,0
CASH_IN,10844.33,8623151.43,8633995.76,42274,290772.6,0
PAYMENT,2054.84,22195,20140.16,0,0,0
CASH_IN,313373.56,20140.16,333513.72,2034312.57,971418.91,0
CASH_IN,13289.87,333513.72,346803.59,78256.1,0,0
CASH_IN,27070.11,346803.59,373873.7,70595,122750.49,0
CASH_IN,127954.7,373873.7,501828.4,1590611.34,1254956.07,0
CASH_IN,197031.04,501828.4,698859.44,515082.09,16997.22,0
CASH_IN,144366.64,698859.44,843226.08,1720939.01,971418.91,0
CASH_IN,7965.49,843226.08,851191.57,35100.09,40348.79,0
CASH_IN,123103.74,851191.57,974295.31,541942.24,46820.71,0
CASH_IN,106634.77,974295.31,1080930.07,4963151.39,22190.99,0
CASH_IN,74933.22,1080930.07,1155863.3,1312918.22,1412484.09,0
CASH_IN,120234.99,1155863.3,1276098.29,194026.33,965870.05,0
CASH_IN,5763.99,1276098.29,1281862.28,24632.95,46462.23,0
CASH_IN,156922.36,1281862.28,1438784.65,2887756.64,5515763.34,0
CASH_IN,162665.98,1438784.65,1601450.63,362164.9,0,0
CASH_IN,110226.34,1601450.63,1601450.63,1601450.63,1.07E+07,0
CASH_IN,142577.44,1601450.63,1744028.07,174480.01,0,0
CASH_IN,6915.38,1744028.07,1750943.45,49685,0,0
CASH_IN,157108.01,1750943.45,1908051.46,1576572.37,971418.91,0
CASH_IN,223555.14,1908051.46,2131606.6,1462656.64,1254956.07,0
CASH_IN,146331.12,2131606.6,2277937.72,1053791.45,55974.56,0
CASH_IN,141131.23,2277937.72,2419068.96,1419464.36,971418.91,0
CASH_IN,222711.47,2419068.96,2641780.43,1.67E+07,1.92E+07,0
CASH_IN,84980.31,2641780.43,2726760.74,165879.75,353532.56,0
CASH_IN,628719.07,2726760.74,3355479.81,1484768.73,16518.36,0
CASH_IN,79285.8,3355479.81,3434765.61,4856516.62,22190.99,0
CASH_IN,57809.81,3434765.61,3492575.42,59666,0,0
CASH_IN,75043.17,3492575.42,3567618.59,156547,0,0
CASH_IN,248196.92,3567618.59,3815815.51,318051.05,16997.22,0
CASH_IN,18851.44,3815815.51,3834666.95,47330.55,1891.79,0
CASH_IN,403418.39,3834666.95,4238085.34,1801028.99,2107778.11,0
CASH_IN,235564.81,4238085.34,4473650.15,2676738.75,3940085.21,0
CASH_IN,32325.24,4473650.15,4505975.39,158866.76,265092.36,0
CASH_IN,345347.7,4505975.39,4851323.08,355417.92,0,0
CASH_IN,355500.25,4851323.08,5206823.33,1166753.44,0,0
CASH_IN,103005.78,5206823.33,5309829.12,114836.85,4894.45,0
CASH_IN,108803.98,5309829.12,5418633.09,811253.19,0,0
CASH_IN,259753.27,5418633.09,5678386.36,260112.48,0,0
CASH_IN,234094.24,5678386.36,5912480.6,1278333.12,971418.91,0
CASH_IN,273305.73,5912480.6,6185786.33,1237985,1412484.09,0
CASH_IN,186838.95,6185786.33,6372625.28,418838.5,46820.71,0
CASH_IN,193161.04,6372625.28,6565786.32,2441173.94,3940085.21,0
CASH_IN,152823.85,6565786.32,6718610.17,1202635.39,4619798.56,0
CASH_IN,91457.82,6718610.17,6810067.99,662260.23,2415.16,0
CASH_IN,277807.48,6810067.99,7087875.47,907460.33,55974.56,0
CASH_IN,8679.13,7087875.47,7096554.61,94438.08,52415.15,0
CASH_IN,2099.59,7096554.61,7098654.2,40471.79,0,0
CASH_IN,221693.08,7098654.2,7320347.28,629652.85,55974.56,0
CASH_IN,206097.65,7320347.28,7526444.93,1239101.5,1254956.07,0
CASH_IN,22384.21,7526444.93,7548829.13,42211,387263.02,0
CASH_IN,73210.99,7548829.13,7622040.12,79582.64,96.88,0
CASH_IN,236747.6,7622040.12,7858787.73,390963.21,0,0
CASH_IN,6284.18,7858787.73,7865071.9,328727.16,277515.05,0
CASH_IN,100198.77,7865071.9,7965270.68,336837.78,424250.45,0
CASH_IN,160347.32,7965270.68,8125617.99,724867.22,1517262.16,0
CASH_IN,289272.75,8125617.99,8414890.75,413976.6,31469.78,0
CASH_IN,63189.26,8414890.75,8478080,101925,0,0
CASH_IN,196725.32,8478080,8674805.32,2248012.9,3940085.21,0
PAYMENT,5882.32,10252,4369.68,0,0,0
DEBIT,625.92,30165,29539.08,1042,0,0
PAYMENT,5937.72,21779,15841.28,0,0,0
PAYMENT,9796.29,274658,264861.71,0,0,0
PAYMENT,13449.95,11080,0,0,0,0
PAYMENT,4749.6,8038,3288.4,0,0,0
PAYMENT,6460.86,31009,24548.14,0,0,0
PAYMENT,3605.26,10120,6514.74,0,0,0
PAYMENT,624.61,52594,51969.39,0,0,0
PAYMENT,3854.92,9241,5386.08,0,0,0
TRANSFER,420532.33,5386.08,0,614566.02,0,0
PAYMENT,4402.86,4469,66.14,0,0,0
CASH_OUT,147804.02,66.14,0,158919,23508.22,0
PAYMENT,151.2,1904,1752.8,0,0,0
PAYMENT,58.21,14506,14447.79,0,0,0
PAYMENT,5936.82,741,0,0,0,0
CASH_OUT,145944.67,24376,0,222,46393.85,0
TRANSFER,7206.33,24932,17725.67,21308,18161.79,0
DEBIT,5581.55,530,0,55058.57,0,0
DEBIT,5853.21,5039,0,20018,4891090.56,0
PAYMENT,2528.1,5037,2508.9,0,0,0
PAYMENT,5655.17,9522,3866.83,0,0,0
PAYMENT,1456.09,101018,99561.91,0,0,0
PAYMENT,4252.82,5545,1292.18,0,0,0
TRANSFER,276460.62,595,0,1105242.28,2107965.39,0
PAYMENT,8811.67,30848,22036.33,0,0,0
PAYMENT,12666.68,891,0,0,0,0
CASH_OUT,95636.49,0,0,359141.7,1363368.51,0
CASH_OUT,195314.34,0,0,491226.48,1186556.81,0
PAYMENT,6049.09,1,0,0,0,0
PAYMENT,14306.8,0,0,0,0,0
PAYMENT,1117.34,35611,34493.66,0,0,0
DEBIT,3179.7,124703.85,121524.14,20767,0,0
PAYMENT,2880.68,121524.14,118643.46,0,0,0
PAYMENT,3060.54,118643.46,115582.92,0,0,0
PAYMENT,879.42,115582.92,114703.5,0,0,0
PAYMENT,3486.78,114703.5,111216.72,0,0,0
PAYMENT,21530.96,111216.72,89685.77,0,0,0
PAYMENT,2426.31,89685.77,87259.46,0,0,0
PAYMENT,5110.1,87259.46,82149.35,0,0,0
PAYMENT,207.75,82149.35,81941.6,0,0,0
PAYMENT,18437.04,81941.6,63504.55,0,0,0
PAYMENT,8690.69,63504.55,54813.86,0,0,0
PAYMENT,4946.03,54813.86,49867.83,0,0,0
PAYMENT,5432.09,49867.83,44435.75,0,0,0
PAYMENT,7649.41,44435.75,36786.34,0,0,0
PAYMENT,3943.17,36786.34,32843.16,0,0,0
PAYMENT,3101.33,32843.16,29741.84,0,0,0
TRANSFER,51719.13,882,0,59670,15375.37,0
PAYMENT,13465.91,0,0,0,0,0
PAYMENT,19561.05,0,0,0,0,0
PAYMENT,9762.28,129,0,0,0,0
PAYMENT,9778.81,18824,9045.19,0,0,0
CASH_OUT,562903.81,9045.19,0,564519.9,1517262.16,0
PAYMENT,5055.94,30295,25239.06,0,0,0
PAYMENT,2858.89,21820,18961.11,0,0,0
PAYMENT,8531.42,18961.11,10429.69,0,0,0
PAYMENT,84.22,25828,25743.78,0,0,0
CASH_OUT,227478.01,25743.78,0,1.64E+07,1.92E+07,0
PAYMENT,5033.02,23946.7,18913.68,0,0,0
TRANSFER,100588.8,18913.68,0,105223,0,0
PAYMENT,9374.72,21064,11689.28,0,0,0
PAYMENT,598.24,102631,102032.76,0,0,0
PAYMENT,4531.55,20125,15593.45,0,0,0
PAYMENT,2998.2,15593.45,12595.25,0,0,0
PAYMENT,9269.99,12595.25,3325.26,0,0,0
PAYMENT,1209.64,3325.26,2115.61,0,0,0
PAYMENT,1298.7,2115.61,816.91,0,0,0
PAYMENT,7797,816.91,0,0,0,0
PAYMENT,5831.03,0,0,0,0,0
PAYMENT,7067.9,0,0,0,0,0
PAYMENT,14895.51,0,0,0,0,0
PAYMENT,3316.21,0,0,0,0,0
PAYMENT,22276,0,0,0,0,0
PAYMENT,16505.51,0,0,0,0,0
PAYMENT,636.95,0,0,0,0,0
PAYMENT,2056.59,0,0,0,0,0
PAYMENT,704.74,0,0,0,0,0
PAYMENT,3222.32,0,0,0,0,0
PAYMENT,11889.61,0,0,0,0,0
PAYMENT,9491.89,0,0,0,0,0
PAYMENT,6131.21,0,0,0,0,0
PAYMENT,11938.61,0,0,0,0,0
PAYMENT,4233.45,0,0,0,0,0
PAYMENT,32643.79,0,0,0,0,0
PAYMENT,622.15,14112.8,13490.65,0,0,0
PAYMENT,4573.12,13490.65,8917.54,0,0,0
PAYMENT,6057.8,6996.1,938.3,0,0,0
PAYMENT,5770.32,938.3,0,0,0,0
PAYMENT,9152.97,0,0,0,0,0
DEBIT,12154.7,39699,27544.3,2051287.58,3940085.21,0
PAYMENT,8378.01,80899.44,72521.43,0,0,0
PAYMENT,9616.45,72521.43,62904.98,0,0,0
PAYMENT,2231.28,12998,10766.72,0,0,0
PAYMENT,4932.54,136555,131622.46,0,0,0
CASH_IN,65413.89,131622.46,197036.35,144605,0,0
CASH_IN,98560.08,197036.35,295596.43,167719.89,63112.23,0
CASH_IN,15054.61,295596.43,310651.04,33340,185389.8,0
CASH_IN,161632.16,310651.04,472283.2,1044238.89,971418.91,0
CASH_IN,47529.19,472283.2,519812.39,856049.65,16518.36,0
CASH_IN,9577.45,519812.39,529389.85,32204,22774.25,0
CASH_IN,414238.59,529389.85,943628.44,808520.46,16518.36,0
CASH_IN,89327.65,943628.44,1032956.09,2063442.28,3940085.21,0
CASH_IN,194900.16,1032956.09,1227856.25,8633995.76,1.25E+07,0
CASH_IN,24470.43,1227856.25,1252326.68,1381702.9,2107965.39,0
CASH_IN,217668.38,1252326.68,1469995.06,347373.26,49864.36,0
CASH_IN,9067.51,1469995.06,1479062.57,306723.02,23508.22,0
CASH_IN,336827.91,1479062.57,1815890.48,401493.73,51513.44,0
CASH_IN,45317.95,1815890.48,1861208.43,99578.86,0,0
CASH_IN,230021.01,1861208.43,2091229.45,4777230.82,22190.99,0
CASH_IN,154578.28,2091229.45,2245807.73,1033003.86,1254956.07,0
CASH_IN,314134.01,2245807.73,2559941.74,570802.41,2415.16,0
CASH_IN,206405.92,2559941.74,2766347.65,1221423.7,3461666.05,0
CASH_IN,158995.29,2766347.65,2925342.94,8674805.32,1.07E+07,0
CASH_IN,188238.54,2925342.94,3113581.47,702449.21,0,0
CASH_IN,21255.8,3113581.47,3134837.27,52109,0,0
CASH_IN,205955.77,3134837.27,3340793.04,465695.91,97263.78,0
CASH_IN,178370.36,3340793.04,3519163.4,1.67E+07,1.92E+07,0
CASH_IN,42547.96,3519163.4,3561711.36,59693,9672.67,0
CASH_IN,15152.15,3561711.36,3576863.51,8439095.6,1.25E+07,0
CASH_IN,39249.67,3576863.51,3616113.18,64966.23,0,0
CASH_IN,101669.17,3616113.18,3717782.35,533625.81,2025098.66,0
CASH_IN,81694.11,3717782.35,3799476.47,686540.82,1186556.81,0
CASH_IN,10266.7,3799476.47,3809743.17,104323,69756.86,0
CASH_IN,35502.25,3809743.17,3845245.42,41159,0,0
CASH_IN,183250,3845245.42,4028495.42,231999.55,46820.71,0
CASH_IN,219220.21,4028495.42,4247715.63,1974114.63,3940085.21,0
CASH_IN,254895.5,4247715.63,4502611.13,256668.41,2415.16,0
CASH_IN,143148.97,4502611.13,4645760.1,4547209.8,22190.99,0
CASH_IN,132457.52,4645760.1,4778217.62,8423943.45,1.25E+07,0
CASH_IN,148834.28,4778217.62,4927051.9,514210.68,0,0
CASH_IN,106727.81,4927051.9,5033779.71,2730834.27,5515763.34,0
CASH_IN,223123.71,5033779.71,5256903.42,394281.87,16518.36,0
CASH_IN,194311.34,5256903.42,5451214.77,1127423.71,1517262.16,0
CASH_IN,338964.91,5451214.77,5790179.68,365376.39,0,0
CASH_IN,247575.4,5790179.68,6037755.07,8291485.93,1.25E+07,0
CASH_IN,29467.02,6037755.07,6067222.09,322442.98,277515.05,0
CASH_IN,90340.16,6067222.09,6157562.25,1.65E+07,1.92E+07,0
CASH_IN,198847.32,6157562.25,6356409.58,964679.26,1412484.09,0
CASH_IN,155075.41,6356409.58,6511484.99,1035098.36,0,0
CASH_IN,76932.89,6511484.99,6588417.88,765831.94,1412484.09,0
CASH_IN,92971.79,6588417.88,6681389.66,111367.94,0,0
CASH_IN,7322.98,6681389.66,6688712.64,64966,57643.02,0
CASH_IN,222126.95,6688712.64,6910839.59,1397610.6,2107778.11,0
CASH_IN,62983.91,6910839.59,6973823.5,454778.18,1363368.51,0
CASH_IN,1271.77,6973823.5,6975095.27,697456.73,2719172.89,0
CASH_IN,246816.65,6975095.27,7221911.92,933112.37,1517262.16,0
CASH_IN,21898.97,7221911.92,7243810.89,1114670.7,1567434.81,0
CASH_IN,30811.56,7243810.89,7274622.45,152178,651524.92,0
CASH_IN,100275.09,7274622.45,7374897.54,878425.58,1254956.07,0
CASH_IN,46630.53,7374897.54,7421528.07,604846.71,1186556.81,0
CASH_IN,158775.58,7421528.07,7580303.64,688899.05,1412484.09,0
CASH_IN,90556.08,7580303.64,7670859.72,186372.86,8496.61,0
CASH_IN,173948.89,7670859.72,7844808.61,391794.27,1363368.51,0
CASH_IN,66216.71,7844808.61,7911025.32,117785.88,9940339.29,0
CASH_IN,216133.99,7911025.32,8127159.31,1092771.73,1567434.81,0
CASH_IN,371883.82,8127159.31,8499043.13,880022.94,0,0
CASH_IN,770537.37,8499043.13,8499043.13,8499043.13,1.69E+07,0
CASH_IN,71275.47,8499043.13,8570318.6,136084.66,43691.09,0
CASH_IN,336298.77,8570318.6,8906617.38,1049811.54,4619798.56,0
CASH_IN,317393.38,8906617.38,9224010.75,1175483.65,2107778.11,0
CASH_IN,181002.01,9224010.75,9405012.76,292975.96,277515.05,0
CASH_IN,311449.38,9405012.76,9716462.14,713512.77,4619798.56,0
CASH_IN,270824.42,9716462.14,9987286.56,8515810.04,1.07E+07,0
PAYMENT,1449.03,80983,79533.97,0,0,0
PAYMENT,3551.48,1015017.79,1011466.31,0,0,0
CASH_OUT,227768.63,1011466.31,783697.68,530123.48,1412484.09,0
CASH_OUT,172986.7,783697.68,610710.98,686295.71,1517262.16,0
PAYMENT,4940.2,48005,43064.8,0,0,0
PAYMENT,2755.96,20987,18231.04,0,0,0
DEBIT,8807.01,139428,130620.99,64809.18,43691.09,0
DEBIT,3111.86,64665.82,61553.96,10070.22,0,0
PAYMENT,10040.52,61553.96,51513.44,0,0,0
DEBIT,5363,21260,15897,24765.26,18910.85,0
PAYMENT,11990.19,885,0,0,0,0
PAYMENT,266.88,4182,3915.12,0,0,0
PAYMENT,1928.55,5096,3167.45,0,0,0
PAYMENT,10648.06,37419,26770.94,0,0,0
PAYMENT,962.43,26770.94,25808.5,0,0,0
PAYMENT,8348.1,16583,8234.9,0,0,0
PAYMENT,6969.67,61091,54121.33,0,0,0
PAYMENT,154.87,9339,9184.13,0,0,0
DEBIT,4040.84,1938,0,51339,36757.68,0
PAYMENT,6490.17,548504,542013.83,0,0,0
PAYMENT,1101.09,30858,29756.91,0,0,0
DEBIT,4347.78,20766,16418.22,407959.76,55974.56,0
CASH_OUT,213922.13,16418.22,0,431956.63,2025098.66,0
CASH_OUT,83859.59,0,0,1.64E+07,1.92E+07,0
CASH_OUT,33269.25,0,0,111389.13,15375.37,0
CASH_OUT,51749.94,0,0,62470,132842.64,0
CASH_OUT,86410.3,0,0,757892.11,1412484.09,0
CASH_OUT,10856.63,0,0,217845.38,1363368.51,0
CASH_OUT,161613.93,0,0,402063.39,4619798.56,0
CASH_OUT,244361.81,0,0,859282.41,1517262.16,0
CASH_OUT,596617.87,0,0,645878.76,2025098.66,0
CASH_OUT,108600.78,0,0,146488.24,97128.19,0
CASH_OUT,377520.94,0,0,563677.32,4619798.56,0
CASH_OUT,60758.42,0,0,155911.68,500631.71,0
TRANSFER,181,181,0,0,0,1
CASH_OUT,181,181,0,21182,0,1
TRANSFER,2806,2806,0,0,0,1
CASH_OUT,2806,2806,0,26202,0,1
TRANSFER,20128,20128,0,0,0,1
CASH_OUT,20128,20128,0,6268,12145.85,1
CASH_OUT,416001.33,0,0,102,9291619.62,1
TRANSFER,1277212.77,1277212.77,0,0,0,1
CASH_OUT,1277212.77,1277212.77,0,0,2444985.19,1
TRANSFER,35063.63,35063.63,0,0,0,1
CASH_OUT,35063.63,35063.63,0,31140,7550.03,1
TRANSFER,25071.46,25071.46,0,0,0,1
CASH_OUT,25071.46,25071.46,0,9083.76,34155.22,1
CASH_OUT,132842.64,4499.08,0,0,132842.64,1
TRANSFER,235238.66,235238.66,0,0,0,1
CASH_OUT,235238.66,235238.66,0,0,235238.66,1
TRANSFER,1096187.24,1096187.24,0,0,0,1
CASH_OUT,1096187.24,1096187.24,0,0,1096187.24,1
TRANSFER,963532.14,963532.14,0,0,0,1
CASH_OUT,963532.14,963532.14,0,132382.57,1095914.71,1
TRANSFER,14949.84,14949.84,0,0,0,1
CASH_OUT,14949.84,14949.84,0,18161.79,33111.63,1
TRANSFER,18627.02,18627.02,0,0,0,1
CASH_OUT,18627.02,18627.02,0,147251.58,165878.6,1
TRANSFER,10539.37,10539.37,0,0,0,1
CASH_OUT,10539.37,10539.37,0,0,10539.37,1
TRANSFER,22877,22877,0,0,0,1
CASH_OUT,22877,22877,0,0,22877,1
TRANSFER,1.00E+07,1.29E+07,2930418.44,0,0,1
CASH_OUT,1.00E+07,1.00E+07,0,0,9941904.21,1
TRANSFER,2930418.44,2930418.44,0,0,0,1
CASH_OUT,2930418.44,2930418.44,0,3616012.1,6963508.84,1
TRANSFER,169941.73,169941.73,0,0,0,1
CASH_OUT,169941.73,169941.73,0,0,169941.73,1
TRANSFER,13707.11,13707.11,0,0,0,1
CASH_OUT,13707.11,13707.11,0,0,13707.11,1
TRANSFER,86070.17,86070.17,0,0,0,1
CASH_OUT,86070.17,86070.17,0,0,86070.17,1
TRANSFER,120074.73,120074.73,0,0,0,1
CASH_OUT,120074.73,120074.73,0,0,120074.73,1
TRANSFER,60726.57,60726.57,0,0,0,1
CASH_OUT,60726.57,60726.57,0,1.30E+07,1.31E+07,1
TRANSFER,10119.47,10119.47,0,0,0,1
CASH_OUT,10119.47,10119.47,0,0,10119.47,1
TRANSFER,33332.86,33332.86,0,0,0,1
CASH_OUT,33332.86,33332.86,0,31002,0,1
TRANSFER,25975.86,25975.86,0,0,0,1
CASH_OUT,25975.86,25975.86,0,98152,28041.27,1
TRANSFER,26768.5,26768.5,0,0,0,1
CASH_OUT,26768.5,26768.5,0,101976,128744.5,1
TRANSFER,30521.02,30521.02,0,0,0,1
CASH_OUT,30521.02,30521.02,0,0,30521.02,1
TRANSFER,216422,216422,0,0,0,1
CASH_OUT,216422,216422,0,10097,48630.5,1
TRANSFER,17320.91,17320.91,0,0,0,1
CASH_OUT,17320.91,17320.91,0,6244.44,0,1
TRANSFER,17246,17246,0,0,101717.84,1
CASH_OUT,17246,17246,0,0,17246,1
TRANSFER,10565,10565,0,0,0,1
CASH_OUT,10565,10565,0,36275,24380.72,1
TRANSFER,10224,10224,0,0,0,1
CASH_OUT,10224,10224,0,0,10224,1
TRANSFER,85354.69,85354.69,0,0,0,1
CASH_OUT,85354.69,85354.69,0,11170,10612.55,1
TRANSFER,13704,13704,0,0,1658746.09,1
CASH_OUT,13704,13704,0,3382.84,143675.35,1
TRANSFER,262434.54,262434.54,0,0,0,1
CASH_OUT,262434.54,262434.54,0,19525.79,438233.86,1
TRANSFER,21729,21729,0,0,0,1
CASH_OUT,21729,21729,0,27335,0,1
TRANSFER,5460002.91,5460002.91,0,0,0,1
CASH_OUT,5460002.91,5460002.91,0,0,9281535.44,1
TRANSFER,164,164,0,0,0,1
CASH_OUT,164,164,0,4068,0,1
TRANSFER,21571,21571,0,0,0,1
CASH_OUT,21571,21571,0,30797.41,71140.3,1
TRANSFER,441445.58,441445.58,0,0,0,1
CASH_OUT,441445.58,441445.58,0,98993.5,0,1
CASH_OUT,181728.11,0,0,11397,184477.77,1
TRANSFER,222,222,0,0,267095.19,1
CASH_OUT,222,222,0,24708,171647.35,1
TRANSFER,1996.17,1996.17,0,0,0,1
CASH_OUT,1996.17,1996.17,0,2559.74,4555.92,1
TRANSFER,1078013.76,0,0,0,970749.68,1
TRANSFER,89631.24,89631.24,0,0,0,1
CASH_OUT,89631.24,89631.24,0,21175,0,1
TRANSFER,29707.86,29707.86,0,0,0,1
CASH_OUT,29707.86,29707.86,0,10935,0,1
TRANSFER,43092,43092,0,0,0,1
CASH_OUT,43092,43092,0,660641.74,1158662.9,1
TRANSFER,556218.01,556218.01,0,0,0,1
CASH_OUT,556218.01,556218.01,0,0,582265.81,1
TRANSFER,11308,11308,0,0,0,1
CASH_OUT,11308,11308,0,0,302550.56,1
TRANSFER,350705.74,350705.74,0,0,1184633.07,1
CASH_OUT,350705.74,350705.74,0,894760.68,1794033.65,1
TRANSFER,2539898.07,2539898.07,0,0,261290.69,1
CASH_OUT,2539898.07,2539898.07,0,968,1842864.22,1
TRANSFER,361559.69,361559.69,0,0,141302.12,1
CASH_OUT,361559.69,361559.69,0,504667.31,189441.24,1
TRANSFER,1154353.99,1154353.99,0,0,10872.9,1
CASH_OUT,1154353.99,1154353.99,0,162222,1965587.6,1
TRANSFER,21922,21922,0,0,0,1
CASH_OUT,21922,21922,0,1929861.61,2046918.8,1
TRANSFER,994453.2,1437370.87,442917.67,194812.76,665743.67,1
TRANSFER,1055,1055,0,0,0,1
CASH_OUT,1055,1055,0,75179,0,1
TRANSFER,244068.01,244068.01,0,0,0,1
CASH_OUT,244068.01,244068.01,0,0,338538.16,1
TRANSFER,59835,59835,0,0,0,1
CASH_OUT,59835,59835,0,255480.76,315315.76,1
CASH_OUT,277970.88,0,0,0,277970.88,1
TRANSFER,93810.76,93810.76,0,0,0,1
CASH_OUT,93810.76,93810.76,0,4096048.05,4189858.81,1
TRANSFER,503405.88,503405.88,0,0,0,1
CASH_OUT,503405.88,503405.88,0,29669,533074.88,1
